Date,Open,High,Low,Close,Adj Close,Volume
1/1/2013,581.900024,582.474976,576.388,577.213013,436.387756,1479996
1/2/2013,579.049988,582,575.875,577.299988,436.453522,2174972
1/3/2013,578.75,587.213013,577.75,584.474976,441.878021,5299644
1/4/2013,587.099976,588.737,583,587.388,444.080322,4227004
1/7/2013,587.775024,594.974976,583.888,593.700012,448.852295,4380812
1/8/2013,591.25,591.987,580.875,586,443.031006,6433712
1/9/2013,585.049988,590.450012,580.825012,582.75,440.573883,3074984
1/10/2013,582.75,585.661987,577.299988,580.575012,438.929504,5450508
1/11/2013,630.25,680.5,630.25,678.025024,512.604187,46426284
1/14/2013,689.950012,709.237,688.062012,701.625,530.446411,25462380
1/15/2013,701.5,702.362,693.625,696.763,526.770691,10188940
1/16/2013,695.25,697.200012,688.875,691.862,523.065308,5830412
1/17/2013,698,701.661987,694.799988,699.487,528.830017,5883536
1/18/2013,701.25,702.5,694.362,697.013,526.959595,3645296
1/21/2013,690.763,702.650024,690.763,699.075012,528.518433,2949780
1/22/2013,698.400024,699.661987,694.25,695.888,526.109131,2555140
1/23/2013,695.25,699.5,695.25,697.400024,527.252319,3729356
1/24/2013,702.5,707,697.687988,699.549988,528.877747,5605648
1/25/2013,702.5,707,697.786987,703.661987,531.98645,4221268
1/28/2013,703,706.900024,700.25,702.661987,531.230347,3361504
1/29/2013,701.5,706.25,697.138,699.75,529.028809,3098592
1/30/2013,701.187988,701.487,695.138,697.661987,527.450195,3402764
1/31/2013,698,701.775024,692.5,697.375,527.233337,8740220
2/1/2013,697.775024,700.474976,688,692.737,523.726929,3949824
2/4/2013,695.25,697.5,686.25,691.900024,523.094116,3750008
2/5/2013,690.812012,695.588013,686.388,688.974976,520.88269,3083056
2/6/2013,693.812012,697.013,688.963013,694,524.681702,4548672
2/7/2013,696.5,699.75,695.013,697.375,527.233337,5352236
2/8/2013,695.786987,704.174988,693.062012,697.362,527.223389,2741348
2/11/2013,700.312012,703.737,696.224976,698.013,527.715576,3697396
2/12/2013,692.5,693.525024,685.437988,688.812012,520.759521,2221196
2/13/2013,689.25,699.286987,686.25,697.388,527.243103,3161444
2/14/2013,698.599976,707,698.588013,703.187988,531.628052,3447000
2/15/2013,697.5,702.125,694.075012,697.150024,527.063171,2597128
2/18/2013,695.75,696.674988,690.75,695.025024,525.456787,1377392
2/19/2013,695.025024,706.25,691.763,705.112,533.082703,2321672
2/20/2013,706.312012,708.088013,702.125,704.862,532.893677,2772612
2/21/2013,700.400024,704.974976,698.286987,701.950012,530.692139,2779372
2/22/2013,699.674988,713.75,699.275024,710.138,536.882507,4351768
2/25/2013,717.5,730.5,716.900024,729.450012,551.482788,5228824
2/26/2013,729,742.349976,729,739.950012,559.420959,6086772
2/27/2013,737,737,725.525024,727.638,550.112854,3514880
2/28/2013,728.825012,733.963013,721.349976,726.75,549.441589,5904052
3/1/2013,728.5,740.349976,723,728.450012,550.726868,4207316
3/4/2013,731.5,735.625,718.036987,725.862,548.770203,5054160
3/5/2013,731.138,734.849976,728.312012,730.325012,552.144409,3585972
3/6/2013,736.75,744.174988,731.562012,742.525024,561.367859,6102740
3/7/2013,745.312012,752.450012,745,751.088013,567.841858,6857680
3/8/2013,747,747.25,739.312012,742.562012,561.395874,3081448
3/11/2013,745.450012,747.5,732.5,736.437988,556.765991,2433080
3/12/2013,735,736.174988,728,729.525024,551.539551,2857028
3/13/2013,722.5,722.5,712.525024,715.862,541.209961,5365068
3/14/2013,716.5,722.224976,710.724976,718.525024,543.223206,4166160
3/15/2013,719.088013,727.911987,717.013,719.562012,544.007202,3630396
3/18/2013,716.562012,722.5,712.75,715.187988,540.700439,3223412
3/19/2013,718.75,721.549988,710.275024,714,539.802124,5988072
3/20/2013,716.200012,718.674988,706.888,716.411987,541.625793,4497320
3/21/2013,720.75,723.625,715.5,718.200012,542.977478,4970040
3/22/2013,712.487,718.875,707.5,715.799988,541.163147,3685144
3/25/2013,711.299988,716.25,708.161987,713.187988,539.188354,2518428
3/26/2013,711.25,717.411987,708.5,713.638,539.528503,1707792
3/28/2013,716.25,724.237,712.799988,722.338013,546.105896,6174024
4/1/2013,727.687988,738.388,727.687988,736.049988,556.472534,3711020
4/2/2013,732.5,747.424988,728.713013,742.263,561.169739,4860444
4/3/2013,737.224976,749.888,737,742.112,561.055542,4177736
4/4/2013,736.25,737.286987,718.013,720.013,544.348267,3749980
4/5/2013,719.75,724.75,712.5,716.463013,541.664368,2186480
4/8/2013,712.5,718.411987,706.812012,707.974976,535.247192,1858180
4/9/2013,708.388,709.737,689.062012,691.588013,522.858276,5420328
4/10/2013,700.75,706.950012,694.062012,703.911987,532.175415,3275808
4/11/2013,716.625,733.900024,708.724976,729.174988,551.274841,8509336
4/12/2013,656.263,656.263,567.174988,574.161987,434.081146,49013872
4/15/2013,572.5,589.25,551,584.763,442.095734,33279988
4/16/2013,579.75,581.5,571.75,574.062012,434.005585,7150868
4/17/2013,575,577.987,562.5,570.963013,431.662598,7574572
4/18/2013,571.599976,580.75,570.325012,573.924988,433.901947,6612184
4/22/2013,572.900024,573.25,555.888,561.138,424.234619,7700644
4/23/2013,562.5,567.650024,561.099976,565.562012,427.579285,3934980
4/25/2013,562,562.5,555.786987,556.924988,421.04953,6881172
4/26/2013,555.025024,559.450012,550.625,553,418.082123,5564792
4/29/2013,551.5,562.200012,546.5,557.325012,421.351898,4482840
4/30/2013,558.5,560.588013,555.549988,558.862,422.513947,4420360
5/2/2013,559,572.862,559,571.674988,432.200836,4688092
5/3/2013,574.187988,581,569.549988,576.987,436.216949,4558596
5/6/2013,578.75,586.25,578.75,585.275024,442.482941,3000052
5/7/2013,587.5,588.75,581.187988,587.200012,443.938202,3491552
5/8/2013,591.25,595,584.513,587.661987,444.287445,3639176
5/9/2013,587.974976,592.224976,587.5,590.349976,446.31958,2280712
5/10/2013,590.525024,596.25,589.275024,592.888,448.238464,2267020
5/13/2013,588.75,590.536987,582.575012,584.900024,442.19931,2507480
5/14/2013,584.325012,592.700012,584.325012,587.513,444.174896,2242224
5/15/2013,588.25,593.174988,586.849976,590.112,446.139679,4446588
5/16/2013,588.375,589.950012,578.312012,583.150024,440.876312,3495876
5/17/2013,584.224976,592.25,583.75,587.937988,444.496155,3215876
5/20/2013,586.5,595.75,586,593.013,448.332947,4379144
5/21/2013,592.549988,604.263,591.737,599.400024,453.161682,2830064
5/22/2013,600,608.25,594.562012,596.325012,450.836975,3122836
5/23/2013,594,604.812012,589.036987,589.963013,446.027069,2550292
5/24/2013,590.400024,596.25,583.5,586.974976,443.768036,1844324
5/27/2013,585.299988,596.5,582.575012,593.174988,448.455505,1662584
5/28/2013,592.5,595,588.411987,591.549988,447.226929,2117476
5/29/2013,592.5,597.75,583.25,588.099976,444.618561,2583264
5/30/2013,583.375,587.161987,579.125,585.362,463.843903,3169316
5/31/2013,585.5,608.724976,585.5,602.924988,477.760986,9249152
6/3/2013,631.25,656.25,618.786987,628.525024,498.046539,16607624
6/4/2013,622.5,629.862,615.900024,623.974976,494.44104,5857280
6/5/2013,620,622.549988,613.75,615.312012,487.576477,2539392
6/6/2013,612.5,613.661987,603.974976,607.411987,481.316467,3754616
6/7/2013,606.25,618.224976,605,611.700012,484.714264,3309084
6/10/2013,615,624.5,614.299988,621.687988,492.628815,2144520
6/11/2013,622.5,628.625,616.463013,618.875,490.39978,2978852
6/12/2013,615.562012,626.599976,603.213013,605.338013,479.672943,2963644
6/13/2013,606,606.25,593.75,594.974976,471.461243,2077164
6/14/2013,597.924988,602.25,594.286987,598.737,474.442322,2792032
6/17/2013,602.862,606.5,598.713013,605.650024,479.920227,1360252
6/18/2013,607.5,615,606.174988,611.638,484.665192,2142452
6/19/2013,611.5,612.174988,601.825012,609.588013,483.040741,2918416
6/20/2013,607,612,585.687988,592.275024,469.321869,3401464
6/21/2013,592.650024,608,592.650024,604.687988,479.157928,3080684
6/24/2013,600.625,600.812012,587.974976,595.099976,471.560333,3668276
6/25/2013,595,596.713013,586.25,593.474976,470.272705,2895320
6/26/2013,597.900024,603.650024,592.911987,599.849976,475.32428,2783616
6/27/2013,605.25,624.987,603.150024,620.700012,491.845917,5335472
6/28/2013,617.799988,626.937988,606,624.713013,495.025909,5853696
7/1/2013,617.25,618.375,610.275024,612.75,485.546295,2104540
7/2/2013,612.025024,615.888,600,600.987,476.225189,2555416
7/3/2013,600.25,612.974976,598.150024,601.125,476.334595,2674928
7/4/2013,608.25,618.786987,605,617,488.914093,2605392
7/5/2013,616.75,620.888,609.674988,614.049988,486.576538,2168680
7/8/2013,621.25,623.5,615.125,617.036987,488.943359,2707584
7/9/2013,620.25,628.5,620.25,624.549988,494.896606,4305684
7/10/2013,626.25,630,623.25,625.286987,495.480621,3432708
7/11/2013,633.75,640.862,627.437988,632.088013,500.869873,7852480
7/12/2013,695.286987,726.400024,687.5,701.049988,555.515747,26436520
7/15/2013,696.263,697.5,682.075012,685.674988,543.332581,6437120
7/16/2013,675.513,692.650024,670.263,682.200012,540.578857,3150768
7/17/2013,682.911987,689.588013,682.911987,687.713013,544.947327,3287524
7/18/2013,688.5,704.375,684.713013,700.187988,554.832642,6539348
7/19/2013,700.75,716.25,700.75,711.862,564.083191,8201420
7/22/2013,705.549988,723.724976,705.5,719.187988,569.888306,3375568
7/23/2013,722.5,729.286987,722.5,725.487,574.879761,3084240
7/24/2013,720,731.75,720,727.150024,576.19751,2437640
7/25/2013,727.25,736.338013,725.25,728.825012,577.52478,3588844
7/26/2013,732.5,738.25,725.650024,728.325012,577.128601,3449820
7/29/2013,727.5,736,727.5,730.299988,578.693604,2181476
7/30/2013,732.75,743.25,732.75,738.924988,585.528015,3168104
7/31/2013,742.25,747.900024,732.049988,742.411987,588.291199,5903664
8/1/2013,747,748.786987,739.187988,743.661987,589.281616,4345316
8/2/2013,746.25,755,745.275024,752.200012,596.047241,5981148
8/5/2013,749.700012,756.25,749.125,752.263,596.097229,4251392
8/6/2013,752,753,737.763,746.838013,591.79834,5015916
8/7/2013,743.75,750.700012,737.812012,740.838013,587.043945,3251804
8/8/2013,735,744.5,735,741.138,587.281677,2882684
8/12/2013,744,755,742.75,751.349976,595.373657,3797188
8/13/2013,752.025024,773.5,752,770.900024,610.865234,5167156
8/14/2013,767.5,773.724976,760.638,767.411987,608.101379,4605604
8/16/2013,755,759.987,741.911987,744.599976,590.024902,6043808
8/19/2013,747.525024,756.737,737.737,751.25,595.294434,2629664
8/20/2013,755,755.25,745.625,751.661987,595.620972,5181028
8/21/2013,748.700012,748.700012,730.525024,739.687988,586.13269,3763292
8/22/2013,747.25,759.112,741,755.049988,598.305542,5482908
8/23/2013,751.25,754.987,745.575012,750.174988,594.442566,2749432
8/26/2013,754.987,762.463013,752.125,757.674988,600.38562,2785772
8/27/2013,758,770,757.974976,764.013,605.407959,4262776
8/28/2013,763,782.5,763,779.062012,617.332764,7164848
8/29/2013,767.5,781.737,765.25,776.150024,615.025208,10043144
8/30/2013,773,780.724976,759.375,776.463013,615.273315,6339280
9/2/2013,769.275024,781.900024,766.150024,771.474976,611.320862,2562520
9/3/2013,768,773.625,754.200012,758.424988,600.97998,3133656
9/4/2013,764.924988,784.974976,763.900024,778.174988,616.629883,4489700
9/5/2013,774.174988,774.174988,748.775024,751.200012,595.254883,4728536
9/6/2013,751.474976,767.974976,751.474976,757.263,600.059204,6732964
9/10/2013,758,797,758,789.724976,625.782166,10939568
9/11/2013,786.25,793.237,776.937988,779.775024,617.897827,4572840
9/12/2013,776.25,779.775024,762,766.463013,607.349365,3478720
9/13/2013,765.062012,766.463013,753.325012,757.013,599.861145,4627692
9/16/2013,756.25,764.487,745.025024,748.349976,592.996582,3166092
9/17/2013,754.25,757.487,747.75,755.650024,598.781128,4013640
9/18/2013,756.25,757.312012,751.25,754.286987,597.700928,3719908
9/19/2013,749.75,758.75,748.075012,754.75,598.06781,7663904
9/20/2013,750,758,745.875,748.786987,593.342773,3995856
9/23/2013,751.25,760.987,750.263,754.849976,598.147095,4443188
9/24/2013,757.5,757.75,749.224976,753.775024,597.295288,5876128
9/25/2013,757.950012,758.75,748.161987,752.411987,596.21521,4040388
9/26/2013,758.5,759.213013,750.25,753.075012,596.740662,5341220
9/27/2013,756,762.75,747.75,751.650024,595.61145,2850784
9/30/2013,755.049988,763.75,749.388,753.25,596.879272,4339592
10/1/2013,757.5,759.575012,750.75,753.75,597.275452,2655108
10/3/2013,758.75,761.75,755,759.286987,601.662964,7343356
10/4/2013,756.562012,759.75,751.25,754.099976,597.552734,3676408
10/7/2013,753.75,759.937988,751.599976,755.463013,598.632874,4897672
10/8/2013,760.075012,763,755.575012,758.536987,601.068542,8991456
10/9/2013,756.75,782.849976,752.5,777.463013,616.065796,8685896
10/10/2013,781.275024,790.237,772.687988,781.900024,619.581726,8717344
10/11/2013,833.75,834.5,789.200012,818.625,648.6828,20645300
10/14/2013,814,833.888,814,831.088013,658.558533,6115856
10/15/2013,831,841.763,828.200012,838.700012,664.590271,4610660
10/17/2013,832.549988,839.474976,815,817.125,663.311768,5756504
10/18/2013,821.5,830.974976,815.25,828.638,672.657593,5472388
10/21/2013,833.25,844.424988,816.275024,833.862,676.898315,4691684
10/22/2013,834.5,841.049988,831.349976,835.588013,678.299316,3604380
10/23/2013,830,834.700012,819.75,831.200012,674.737366,3280792
10/24/2013,825.575012,843.75,822.513,827.187988,671.480591,3240280
10/25/2013,832,837.5,826.575012,832.888,676.107605,3005672
10/28/2013,829.299988,833.724976,823.286987,830.862,674.463013,1706224
10/29/2013,829.875,841.237,826.687988,833.900024,676.929138,2600196
10/30/2013,827.75,834.713013,826.862,830.974976,674.554626,2795544
10/31/2013,826.075012,832,824.049988,827.474976,671.713562,4843772
11/1/2013,825,828.75,817.349976,819.174988,664.97583,3083352
11/5/2013,813,822.638,808.25,816.463013,662.774353,2660116
11/6/2013,818.825012,828.049988,818.825012,826.536987,670.952087,1852332
11/7/2013,830.411987,849.987,828.400024,839.400024,681.39386,3596356
11/8/2013,837.5,847.299988,837.5,840.013,681.891418,4308056
11/11/2013,837.5,849.5,835.025024,840.650024,682.408569,3901600
11/12/2013,840.625,843.75,832.025024,834.213013,677.183289,3226092
11/13/2013,829.013,839.650024,829.013,833.013,676.209106,2343756
11/14/2013,838.075012,843.75,837.513,838.562012,680.713562,2171764
11/18/2013,847.75,853.75,846.963013,851.025024,690.830627,3163268
11/19/2013,851.5,862,850.013,860.737,698.714417,4487604
11/20/2013,852.25,860.825012,848.75,850.549988,690.444946,2153304
11/21/2013,849,850,828.275024,836.088013,678.705383,4247748
11/22/2013,836.5,843.75,834,836.900024,679.364441,1360468
11/25/2013,838,844.700012,826.75,831.5,674.980896,2853648
11/26/2013,830,837.25,823.161987,829.049988,672.992004,3660548
11/27/2013,830,833.963013,821.450012,823.325012,668.344727,3389812
11/28/2013,825.349976,834.5,816.25,831.950012,675.34613,3749984
11/29/2013,834,841.5,827.5,838.638,680.775269,2705780
12/2/2013,838,844.224976,831.275024,834.674988,677.558289,2355688
12/3/2013,830,839.875,830,837.187988,679.598206,3500620
12/4/2013,837.5,846.5,834.200012,841.338013,682.967041,4221560
12/5/2013,845,849.75,835.5,837.825012,680.115234,3158536
12/6/2013,834.763,837.25,829.549988,831.450012,674.940369,3272424
12/9/2013,841.25,846.013,830.263,834.700012,677.578491,4428316
12/10/2013,833.75,847.463013,832.888,842.713013,684.083191,6172948
12/11/2013,841.25,845.424988,835,843.588013,684.793457,3128480
12/12/2013,841.099976,846.424988,837,840.963013,682.662659,2760116
12/13/2013,836.25,845,836.25,843.463013,684.692078,4157812
12/16/2013,845,866,838.450012,863.062012,700.601685,5058848
12/17/2013,861.275024,871.224976,861.275024,864.088013,701.434631,5356976
12/18/2013,862.5,868.437988,861.875,864.362,701.657043,4591672
12/19/2013,865.625,886.237,863.75,878.062012,712.778137,3665728
12/20/2013,881.25,893.25,877.099976,887.838013,720.71405,4342728
12/23/2013,875,884.974976,865.138,867.112,703.889404,4422952
12/24/2013,871.5,875.724976,866.525024,871.599976,707.532593,3554956
12/26/2013,871.75,883.599976,870.937988,880.161987,714.482788,3434964
12/27/2013,882.5,893,882.487,890.325012,722.73291,3691032
12/30/2013,891.924988,893.75,868.75,875.588013,710.769836,5931716
12/31/2013,875,880.424988,870.062012,871.411987,707.379944,1795404
1/1/2014,873,874.75,865.513,867,703.798523,739344
1/2/2014,865.812012,877,865.812012,870.138,706.345886,2202372
1/3/2014,868.75,893.75,863.562012,891.286987,723.513794,5023172
1/6/2014,893.775024,895.125,867.150024,879.474976,713.925171,5549164
1/7/2014,879.763,881.474976,861.674988,864.286987,701.596191,3856844
1/8/2014,865.25,868.75,855.25,857.025024,695.70105,4495196
1/9/2014,860,870.5,854.463013,862.700012,700.307922,6295404
1/10/2014,872.5,893.75,862,887.812012,720.69281,15129088
1/13/2014,895.5,918.75,895.5,916.25,743.777893,8559956
1/14/2014,911.25,923.75,910.112,921.687988,748.192139,3712916
1/15/2014,923.825012,931.088013,920.25,928.013,753.326538,8565072
1/16/2014,924.75,934.362,923.411987,931.263,755.964783,8804116
1/17/2014,932.25,941.161987,930,932.437988,756.91864,12833948
1/20/2014,928,939.987,926.112,937.325012,760.885681,4880972
1/21/2014,937.5,942.5,929.588013,939.588013,762.722717,6051232
1/22/2014,935.299988,944.5,935.013,941.474976,764.254456,3384880
1/23/2014,946.025024,949.75,940.213013,948.125,769.652771,3953672
1/24/2014,941.25,949.237,938.674988,939.536987,762.681274,3438292
1/27/2014,930,940.974976,927.799988,933.049988,757.415466,4049524
1/28/2014,926.75,927.174988,916.713013,918.775024,745.827454,7054272
1/29/2014,916.5,935.924988,913.411987,929.450012,754.493164,4051040
1/30/2014,925.924988,929.174988,915,926.062012,751.742798,3591816
1/31/2014,925,934.937988,921.638,925.275024,751.103943,2684964
2/3/2014,921.25,923,906.200012,907.286987,736.502014,2192056
2/4/2014,895.25,897.987,886.638,890.275024,722.692261,2267556
2/5/2014,895,897.25,885.687988,895.312012,726.781067,2163496
2/6/2014,893,895.75,885.25,890.924988,723.219849,2874952
2/7/2014,896.75,900.463013,887.213013,891.638,723.798706,3775728
2/10/2014,894.974976,896.5,889.375,893.450012,725.269653,3024712
2/11/2014,896,905.5,893.375,899.062012,729.825195,2916796
2/12/2014,900.125,906.862,898.299988,900.025024,730.606995,2104356
2/13/2014,901.200012,904.487,895.013,896.450012,727.704895,1794160
2/14/2014,903.888,916,900.812012,911.075012,739.577026,2981084
2/17/2014,921.25,921.25,912.213013,914.536987,742.387268,6784960
2/18/2014,911.75,923.650024,911.75,920.5,747.227783,2489120
2/19/2014,923.911987,940.5,923.775024,938.349976,761.717712,3532152
2/20/2014,936.224976,936.224976,926.5,927.812012,753.163452,4408424
2/21/2014,934,938.849976,931.812012,937.674988,761.1698,2758992
2/24/2014,936.5,938.424988,932.5,937.474976,761.007507,2178804
2/25/2014,938.75,948.025024,938.75,945.724976,767.704529,4049756
2/26/2014,945,954.450012,943.025024,951.875,772.696899,3676084
2/28/2014,940.275024,959.286987,940.275024,956.213013,776.218323,4919748
3/3/2014,956.25,962.487,947.987,949.562012,770.819214,3602088
3/4/2014,942.5,956.112,940.474976,949.888,771.083862,3468956
3/5/2014,956.974976,961.099976,952.474976,955.424988,775.578613,2471752
3/6/2014,959.5,962.487,954.338013,957.974976,777.648621,3113156
3/7/2014,956.75,958.5,927.075012,935.075012,759.059265,7536372
3/10/2014,932.424988,932.424988,911.325012,917.900024,745.117188,3716236
3/11/2014,913.25,927.224976,907.763,918.838013,745.878601,2062136
3/12/2014,918.349976,925.838013,913,917.825012,745.056335,1970052
3/13/2014,855,859.974976,835,839.400024,681.39386,20395440
3/14/2014,835,850.974976,833.763,848.536987,688.810913,5583772
3/18/2014,850,852.974976,835,837.638,679.963501,5902156
3/19/2014,837.5,839.463013,809.687988,817.937988,663.971741,7888924
3/20/2014,817.5,837.375,817.5,825.763,670.323792,4011516
3/21/2014,832.5,834.5,817.625,826.411987,670.850647,6190160
3/22/2014,null,null,null,null,null,null
3/24/2014,818.049988,829.612,817.5,818.950012,664.793274,4080172
3/25/2014,812,819.924988,811.5,813.599976,660.450317,3774032
3/26/2014,815,817.237,807.650024,812.224976,659.334167,4229284
3/27/2014,812,815.724976,803.987,807.763,655.712097,6799684
3/28/2014,810.025024,819.75,806.825012,815.650024,662.11438,3573412
3/31/2014,821.325012,826.237,807.513,820.700012,666.213806,4588464
4/1/2014,820.763,831.25,818.75,828.487,672.535034,4314176
4/2/2014,837.200012,837.5,827.625,830.513,674.179688,2822200
4/3/2014,834.875,837,829.763,834.536987,677.446289,2350108
4/4/2014,837.75,839,826.525024,829.013,672.962036,1962792
4/7/2014,824.5,828.612,814,823.349976,668.36499,3548772
4/9/2014,820.263,827.450012,807.625,813.638,660.481262,5332340
4/10/2014,813.625,814.437988,796.536987,800.299988,649.653931,10631620
4/11/2014,802.5,813.900024,791.25,808.786987,656.543335,9339168
4/15/2014,833.049988,847,811.875,814.950012,661.546265,10391192
4/16/2014,810.487,810.487,786.875,789.325012,640.744751,6599152
4/17/2014,795,802.513,789.588013,798.013,647.797302,4195956
4/21/2014,802.5,805,792.5,795.737,645.949829,3059812
4/22/2014,793.013,800,785.599976,787.661987,639.394775,3313448
4/23/2014,793.513,797.963013,791,793.161987,643.859436,6008360
4/24/2014,793.161987,793.161987,793.161987,793.161987,643.859436,0
4/25/2014,797,800,790.838013,793.900024,644.458618,2981452
4/28/2014,792.25,798.25,791.25,794.513,644.956238,3021240
4/29/2014,795.75,798.75,792.75,794.437988,644.895325,2417732
4/30/2014,794.411987,797.5,792.75,795.200012,645.513916,3870968
5/2/2014,796.25,811.75,796.25,804.924988,653.408203,2382196
5/5/2014,798,808.25,793.638,794.224976,644.722534,2098344
5/6/2014,794.224976,796.125,788.75,791.286987,642.337402,2283012
5/7/2014,787.75,792.5,762.5,766.838013,622.490723,7798036
5/8/2014,767.5,772.099976,761.612,766.325012,622.07428,4580996
5/9/2014,766.25,781.25,763.213013,777.862,631.439514,3089700
5/12/2014,779.549988,796.625,776.263,793.775024,644.357239,3522100
5/13/2014,795.75,818.75,795.75,816.312012,662.651794,3649984
5/14/2014,812.562012,816.25,804.286987,813.525024,660.389526,2592344
5/15/2014,813.525024,823.713013,801.312012,818.112,664.112976,4204596
5/16/2014,824.75,835,764.763,794.388,644.854736,7094396
5/19/2014,799.5,799.5,750.025024,753.763,611.876831,8623256
5/20/2014,762.25,784.713013,760.549988,780.549988,633.621582,4393672
5/21/2014,779.5,791.075012,774.763,789.275024,640.704285,3394152
5/22/2014,790,795,770.286987,778.474976,631.937134,4916372
5/23/2014,781.25,792.75,753.036987,767.388,622.937134,4540888
5/26/2014,767.75,777.737,762.536987,773.713013,628.071594,2875272
5/27/2014,775,788.75,774.875,783.513,636.026733,2492064
5/28/2014,780.875,797,779.5,793.325012,643.991821,2694660
5/29/2014,756.25,756.25,728.75,731.125,627.512756,20670664
5/30/2014,735,739.862,720,734.849976,630.7099,14017808
6/2/2014,740.125,749.424988,740.125,748.286987,642.242615,3114928
6/3/2014,752,759.237,743.687988,754.299988,647.403503,3412468
6/4/2014,753.75,756.838013,738.375,746.125,640.387024,2754004
6/5/2014,750,767.099976,740.5,760.286987,652.542114,6076860
6/6/2014,750.036987,752.5,737.5,750.763,644.367737,8441212
6/9/2014,751.5,753.75,744.025024,746.612,640.805054,5429172
6/10/2014,750,772.299988,749.088013,768.786987,659.837402,5239588
6/11/2014,776.25,814.312012,772.588013,798.338013,685.200562,10187852
6/12/2014,820,824.263,780.174988,793.763,681.274048,10564428
6/13/2014,797.125,801.75,782.763,796.75,683.837646,5075872
6/16/2014,796.5,814.924988,795,811.036987,696.099976,4687664
6/17/2014,812.25,816.75,804.638,811.713013,696.680115,5039696
6/18/2014,811.25,818.75,803.187988,810.125,695.317261,4895640
6/19/2014,811.463013,830.75,811.275024,827.974976,710.637634,5656852
6/20/2014,830,834.849976,823.213013,829.150024,711.646057,4426500
6/23/2014,825,827.237,805.362,808.138,693.611755,3164056
6/24/2014,807.5,808.724976,798.036987,800.950012,687.442444,5319012
6/25/2014,811.25,811.25,801.5,802.812012,689.040649,3216760
6/26/2014,805,808.75,792.187988,795.625,682.872009,3688276
6/27/2014,800,808.900024,793,805.849976,691.647949,3445372
6/30/2014,805,815.75,802.849976,813.888,698.546936,3645288
7/1/2014,811.25,813.700012,801.5,805.263,691.144348,2331256
7/2/2014,803,810.900024,799.549988,803.825012,689.909973,3059816
7/3/2014,802.549988,807.099976,797.625,802.674988,688.922974,3752456
7/4/2014,800.013,814.599976,800.013,811.487,696.486267,2876484
7/7/2014,816.25,842,815,836.362,717.835938,5819156
7/8/2014,837.25,851.588013,825.763,835.536987,717.12793,5730240
7/9/2014,832.5,846,822.5,827.588013,710.30542,4135376
7/10/2014,828.75,845.424988,812.650024,823.174988,706.517822,5672808
7/11/2014,850.349976,858,825.088013,831.661987,713.802063,7913180
7/14/2014,828.75,828.75,796.450012,806.312012,692.044556,4115800
7/15/2014,809.75,814.487,804.263,806.411987,692.130371,2069900
7/16/2014,810,811.25,800.812012,807.400024,692.978394,2294744
7/17/2014,815.025024,836.474976,807.911987,809.825012,695.059753,2473336
7/18/2014,813.25,818.674988,810.900024,812.888,697.688599,2049184
7/21/2014,813.75,818.338013,797.025024,800.174988,686.777344,3717984
7/22/2014,801.25,811.674988,799.513,808.424988,693.858093,4366680
7/23/2014,812.25,838.75,812.25,837.362,718.694275,5913668
7/24/2014,836,848.75,830.362,845.562012,725.732239,2785780
7/25/2014,849.75,849.75,826.174988,838.049988,719.284851,2668836
7/28/2014,836.25,846.75,830.213013,842.775024,723.34021,2300724
7/30/2014,848.5,848.5,836.400024,843.049988,723.576233,4967360
7/31/2014,845,848.724976,835.799988,841.911987,722.599487,4228584
8/1/2014,837.5,848,832.5,835.325012,716.945984,3803504
8/4/2014,838.75,870.724976,837.325012,866.388,743.606873,6543480
8/5/2014,869,880,867.513,878.25,753.787903,5492812
8/6/2014,881.25,902.088013,881.25,893.963013,767.274048,9002092
8/7/2014,874.75,886.099976,870.588013,876.838013,752.575928,3877112
8/8/2014,875,880,868.75,870.661987,747.275146,1905676
8/11/2014,881,895.924988,877.5,893.375,766.769409,2814336
8/12/2014,899.75,899.75,885.25,894.200012,767.477417,2958468
8/13/2014,890.013,906.25,887.687988,902.099976,774.257874,4470680
8/14/2014,902,906.924988,896.650024,903.138,775.148743,3381240
8/18/2014,903,903,887.5,889.950012,763.829712,3388944
8/19/2014,890.25,897.25,882.5,886.950012,761.254944,3212412
8/20/2014,890.75,895.625,886.75,888.638,762.703674,1969112
8/21/2014,889.062012,890.849976,882.5,887.237,761.501221,2149440
8/22/2014,887.237,902,887,900.25,772.669983,2427520
8/25/2014,899.75,908.924988,890.513,906.950012,778.420593,2099176
8/26/2014,905.5,910,900,906.036987,777.636902,2921064
8/27/2014,907.5,912.5,900.275024,907.638,779.011108,2784936
8/28/2014,907.25,908.411987,895.299988,899.700012,772.197937,3799652
9/1/2014,902.513,904.724976,896.25,899.911987,772.380005,1821576
9/2/2014,900,906.25,888.888,903.437988,775.40625,1791916
9/3/2014,902.5,936.599976,902.5,933.562012,801.261292,5928780
9/4/2014,931.25,931.25,924.463013,927.187988,795.790527,3119232
9/5/2014,933,948.75,926.338013,932.687988,800.511047,3234176
9/8/2014,933.174988,947.625,933.174988,945.411987,811.431885,3258648
9/9/2014,937,938.862,930,934.013,801.648315,2158400
9/10/2014,927,927,915,916.825012,786.896118,2540376
9/11/2014,918.5,924.924988,907.650024,921.036987,790.51123,2506516
9/12/2014,922,927,912.5,917.474976,787.453857,1953776
9/15/2014,916.25,917,906.825012,910.325012,781.317261,2479400
9/16/2014,911.5,922.625,905.900024,912.812012,783.451782,2517452
9/17/2014,919.974976,937.025024,917.775024,935.263,802.72113,3963060
9/18/2014,918.487,932.424988,913.612,924.25,793.268921,4552388
9/19/2014,924.75,946.974976,920.325012,925.513,794.352905,7377508
9/22/2014,920,920.687988,908,912.650024,783.312805,4306020
9/23/2014,911.25,920.862,898.888,901.775024,773.978943,6481152
9/24/2014,907.5,918.062012,899.562012,911.200012,782.068359,2782280
9/25/2014,912.5,929.700012,911.5,922.75,791.981384,12487756
9/26/2014,921.25,930.062012,915.125,920.036987,789.652954,4432420
9/29/2014,925.25,940.237,920.275024,937.263,804.437805,2498072
9/30/2014,936.049988,939.075012,925.275024,936.937988,804.158752,3463684
10/1/2014,930.5,964.987,930.5,961.825012,825.51886,4735432
10/7/2014,942.325012,973.237,942.325012,957.825012,822.085754,10031728
10/8/2014,946.25,948,910.25,912.536987,783.215698,10163840
10/9/2014,925,928.5,906.474976,911.700012,782.497437,6216416
10/10/2014,915,977,893.174988,972.161987,834.391052,22946528
10/13/2014,972.325012,996.25,972.325012,985.638,845.957153,8863492
10/14/2014,991.25,991.25,975,979.575012,840.753418,3430256
10/15/2014,979.575012,979.575012,979.575012,979.575012,840.753418,0
10/16/2014,975.025024,984.575012,963.588013,966.325012,855.583862,5008696
10/17/2014,966.224976,980.700012,959.275024,962.911987,852.561951,4095008
10/20/2014,963.25,965.638,950.525024,953.088013,843.863831,3851360
10/21/2014,962.474976,962.474976,927.5,943.237,835.141663,13040692
10/22/2014,952.325012,952.974976,944.049988,949.013,840.255859,2676660
10/27/2014,962.5,962.5,945.549988,950.763,841.805237,2383876
10/28/2014,941.25,953.088013,941.25,947.062012,838.528381,3333184
10/29/2014,953.237,973.174988,953.237,970.362,859.158264,4114668
10/30/2014,974,995.312012,974,986.638,873.56897,7622604
10/31/2014,996.763,1016.5,996.763,1012.809998,896.741699,4335400
11/3/2014,1019.219971,1027.5,1008.109985,1021.469971,904.409241,4289204
11/5/2014,1021.25,1038.5,1014.25,1031.199951,913.024109,5120540
11/7/2014,1029.569946,1045.75,1029.569946,1041.650024,922.276672,4985200
11/10/2014,1043.76001,1045.280029,1035,1041.380005,922.037598,2797084
11/11/2014,1041.25,1041.25,1025.949951,1031.300049,913.112793,3127544
11/12/2014,1030.25,1037.680054,1024.280029,1026.5,908.862732,2696448
11/13/2014,1030.5,1050.26001,1028.099976,1044.650024,924.932922,2478340
11/14/2014,1048.5,1052.859985,1043.5,1047.910034,927.819214,2616588
11/17/2014,1046.25,1056.969971,1037.030029,1054.609985,933.751221,2729092
11/18/2014,1056.25,1056.949951,1043.030029,1045.589966,925.765137,2633560
11/19/2014,1045,1047.48999,1034.939941,1043.339966,923.772827,2600560
11/20/2014,1047.5,1058.119995,1045.959961,1056.400024,935.336182,2673964
11/21/2014,1042.5,1044.75,1025.400024,1036.540039,917.752197,5231636
11/24/2014,1050,1070.410034,1047.98999,1068.780029,946.297607,5523720
11/25/2014,1073.75,1079.98999,1061.5,1075.800049,952.513,7443288
11/26/2014,1075,1079.430054,1067.900024,1075.109985,951.902161,3965400
11/27/2014,1080.469971,1094.099976,1078,1091.469971,966.387024,8694516
11/28/2014,1092.530029,1099.5,1085.849976,1089.959961,965.050293,7173632
12/1/2014,1096.75,1100.550049,1073.150024,1087.459961,962.836731,9170932
12/2/2014,1082.469971,1082.469971,1057.5,1063.300049,941.445557,5327496
12/3/2014,1050.75,1066.469971,1042.280029,1061.75,940.073242,6387522
12/4/2014,1055,1072.449951,1047.5,1050.900024,930.466553,4699614
12/5/2014,1057.5,1058.300049,1029.900024,1035.150024,916.521606,3679380
12/8/2014,1004.5,1009.5,978.875,985.075012,872.185059,83160204
12/9/2014,991.375,993,976.224976,982.400024,869.816772,5025230
12/10/2014,983,992.5,979.549988,981.875,869.351868,3902356
12/11/2014,975.5,976.974976,957.5,960.525024,850.448486,4142966
12/12/2014,969.525024,980.200012,959.049988,969.325012,858.240051,7286250
12/15/2014,952.474976,978.625,952.450012,962.400024,852.108704,6483142
12/16/2014,962.849976,975.799988,962.849976,969,857.952271,8896378
12/17/2014,968,977.75,948.150024,969.25,858.173645,8925888
12/18/2014,977,990.900024,972.375,982.950012,870.30365,9974990
12/19/2014,998.799988,1004,993,999.325012,884.802124,7147316
12/22/2014,1003,1005.049988,987.674988,999.799988,885.222656,5232552
12/23/2014,1000.419983,1010.950012,981.799988,985.825012,872.849243,4098476
12/24/2014,988,993.5,957.525024,965.275024,854.654297,13669744
12/26/2014,972.549988,980.349976,965.474976,976.125,864.260742,1134374
12/29/2014,978.025024,986.400024,976.25,978.900024,866.717712,1396338
12/30/2014,981.125,987.5,978.400024,983.174988,870.502808,2320276
12/31/2014,977.5,989.474976,975,986.275024,873.24762,3484404
1/1/2015,984.474976,991,978.450012,987.200012,874.066528,1001382
1/2/2015,986,1009.530029,986,1006.599976,891.243286,3389160
1/5/2015,1004.950012,1015,988.75,997.950012,883.584595,4968512
1/6/2015,990,992.5,967.049988,977.099976,865.124023,4833658
1/7/2015,982.5,987.375,975,981.775024,869.263245,3624958
1/8/2015,992.799988,998.5,975,986.724976,873.645935,6782460
1/9/2015,990.049988,1054.5,956.525024,1037.219971,918.354187,22431664
1/12/2015,1046,1059.599976,1037.5,1057.969971,936.726257,6379444
1/13/2015,1053.900024,1053.900024,1037.5,1044.449951,924.755676,4400618
1/14/2015,1049.25,1066.5,1046.300049,1064.319946,942.348633,4960630
1/15/2015,1067.599976,1076.400024,1056.119995,1067.119995,944.827698,4171226
1/16/2015,1074,1080,1056,1059.150024,937.771179,3345480
1/19/2015,1060,1066.180054,1047.300049,1051.25,930.776428,2043872
1/20/2015,1053.5,1066.5,1050.719971,1062.099976,940.383057,3402252
1/21/2015,1065.75,1087.969971,1059,1084.949951,960.614319,4247454
1/22/2015,1087.400024,1101.5,1080.650024,1098.219971,972.363647,4979198
1/23/2015,1100,1112.5,1082.550049,1107.530029,980.606689,4743164
1/27/2015,1110.5,1110.5,1065.050049,1068.25,945.828186,6869984
1/28/2015,1075,1077.400024,1065.150024,1072.280029,949.396423,6567178
1/29/2015,1072.5,1074.949951,1063.800049,1072.75,949.812561,7684712
1/30/2015,1080.75,1081.280029,1063.469971,1070.949951,948.218811,5416872
2/2/2015,1070.75,1076,1063.030029,1068.430054,945.98761,4351270
2/3/2015,1068.430054,1069.969971,1051,1060.449951,938.922058,2632978
2/4/2015,1069.949951,1075,1063.199951,1071.430054,948.643921,2580008
2/5/2015,1075.400024,1110,1074,1096.900024,971.195007,5937968
2/6/2015,1102.5,1123.900024,1094.25,1115.25,987.442139,3726864
2/9/2015,1100,1127,1100,1124.449951,995.587646,3268434
2/10/2015,1121.5,1149,1120.5,1139.150024,1008.60321,4258460
2/11/2015,1140.25,1146.599976,1128.119995,1142.430054,1011.507202,2898486
2/12/2015,1141.5,1160.969971,1136.5,1155.599976,1023.167847,3143768
2/13/2015,1149.800049,1163.349976,1143,1148.050049,1016.483093,2828758
2/16/2015,1140.150024,1153.449951,1132.619995,1139.380005,1008.806641,3122138
2/18/2015,1145.280029,1152.469971,1129.069946,1148.25,1016.660278,4306882
2/19/2015,1147,1167,1146.030029,1162.349976,1029.144409,4836812
2/20/2015,1164.25,1168,1138.449951,1141.550049,1010.728149,3485814
2/23/2015,1150,1154.599976,1124.050049,1132.800049,1002.980652,2545244
2/24/2015,1139.5,1147.969971,1128.800049,1136.400024,1006.168213,3218838
2/25/2015,1144.449951,1167.400024,1140,1158.800049,1026.001099,3022486
2/26/2015,1153.75,1154.5,1122.699951,1129.050049,999.660583,3222888
2/27/2015,1137.449951,1140.319946,1125.75,1132.880005,1003.051575,3900538
2/28/2015,null,null,null,null,null,null
3/2/2015,1151.5,1154.25,1139.030029,1145.849976,1014.535156,3520496
3/3/2015,1145,1151.469971,1139.150024,1148.930054,1017.26239,2452776
3/4/2015,1150,1156.949951,1125.949951,1137.319946,1006.982666,2187614
3/5/2015,1133.530029,1149.380005,1116.680054,1123.800049,995.012207,2842458
3/9/2015,1129.5,1129.5,1089.5,1095.030029,969.539307,3992360
3/10/2015,1099.050049,1103.469971,1080.099976,1099,973.05426,3164958
3/11/2015,1097.050049,1120,1084.550049,1091.099976,966.05957,3390456
3/12/2015,1089.5,1113.219971,1088.5,1109.150024,982.041077,2844282
3/13/2015,1112.5,1115,1096.199951,1110.199951,982.970703,3089842
3/16/2015,1105.280029,1141,1105.280029,1133.319946,1003.441162,3409316
3/17/2015,1133.319946,1139.75,1108.619995,1120.25,991.868958,2769656
3/18/2015,1127.25,1131.430054,1111.280029,1114.75,986.999329,2452782
3/19/2015,1117.300049,1124.5,1111.380005,1115.219971,987.415405,3445870
3/20/2015,1120.5,1134.449951,1116.469971,1128.719971,999.368225,3215448
3/23/2015,1126.5,1137.5,1112.75,1116.719971,988.743408,2539350
3/24/2015,1117.449951,1126.699951,1103,1105.719971,979.00415,3368266
3/25/2015,1111.449951,1114.569946,1100.380005,1109.550049,982.395264,3085484
3/26/2015,1104,1107.449951,1066,1073.180054,950.193237,7870420
3/27/2015,1082,1112.349976,1081.5,1101.069946,974.887085,5037110
3/30/2015,1102.800049,1120,1097.449951,1114,986.335327,2311544
3/31/2015,1122.5,1136.819946,1102.180054,1109.180054,982.067627,4008206
4/1/2015,1099.449951,1099.75,1078.849976,1086.969971,962.402832,3369244
4/6/2015,1089.5,1092.349976,1080.199951,1089.099976,964.288757,3870876
4/7/2015,1087.5,1091.400024,1069,1079.75,956.010376,4271134
4/8/2015,1091.25,1102.449951,1086.530029,1100.280029,974.187439,5092788
4/9/2015,1105.699951,1109.449951,1092.199951,1107.5,980.580078,5290774
4/10/2015,1105.099976,1119,1105.099976,1116.969971,988.964783,3561888
4/13/2015,1119,1122,1108.050049,1119.400024,991.116455,2436168
4/15/2015,1118.25,1122.5,1097.530029,1106.849976,980.004517,3118892
4/16/2015,1111,1115.5,1080.25,1097.319946,971.566772,4503906
4/17/2015,1090.030029,1097.469971,1076.719971,1089.619995,964.749329,3225158
4/20/2015,1088,1090,1057.569946,1066.069946,943.89801,6412692
4/21/2015,1074,1077.550049,1060.050049,1071.300049,948.528625,4440824
4/22/2015,1075.530029,1077.5,1048.969971,1068.849976,946.359497,6175492
4/23/2015,1074.349976,1075,1056,1061,939.408997,5945900
4/24/2015,1067.949951,1075.099976,990,997.599976,883.274658,21782726
4/27/2015,1000,1001,974.049988,992.325012,878.604248,9911320
4/28/2015,991,991,976,980.450012,868.09021,5196750
4/29/2015,980.450012,986,968.974976,980.575012,868.200867,4144528
4/30/2015,980,982.5,966.150024,971.125,859.833801,6567130
5/4/2015,979.75,1000,974.950012,996.549988,882.345093,6680796
5/5/2015,1000,1001.849976,976.025024,981.375,868.909058,4704258
5/6/2015,987.5,987.5,957.650024,961.025024,850.891235,5254204
5/7/2015,961,983.549988,955,972,860.608521,3389992
5/8/2015,979,983.775024,972.625,978.974976,866.78418,2888838
5/11/2015,982.5,1000,976.099976,996.825012,882.588501,2392756
5/12/2015,996.825012,997.299988,971,973.549988,861.980957,4142446
5/13/2015,975.875,982.450012,964.25,978.349976,866.230835,3549542
5/14/2015,980,980.400024,954,967.400024,856.535645,3116922
5/15/2015,967.5,983.299988,966.150024,980.875,868.466431,2594672
5/18/2015,985,999.450012,980.799988,996.525024,882.322876,3234988
5/19/2015,993.650024,1017.849976,993,1011.169983,895.289551,5136038
5/20/2015,1020,1026,1016.799988,1023.650024,906.339478,2941094
5/21/2015,1024.449951,1030.949951,1018.619995,1024.219971,906.843994,5029656
5/22/2015,1022,1025.780029,1015.049988,1023.219971,905.958618,3444412
5/25/2015,1025.25,1028.280029,1003.530029,1008.400024,892.837097,2337904
5/26/2015,1010,1015.719971,1001.080017,1003.650024,888.631409,1982520
5/27/2015,1003.5,1004.5,977.5,984.25,871.454651,4227354
5/28/2015,987.599976,1016,987.599976,1008.299988,892.748474,5490270
5/29/2015,1002.419983,1028.219971,1000.5,1011.580017,895.652588,9496522
6/1/2015,1016.400024,1032,1011.619995,1023.900024,906.560791,2862446
6/2/2015,1024.050049,1027.550049,1002.5,1004.330017,889.233459,2336570
6/3/2015,1009.099976,1019.719971,1004,1010.450012,894.652222,2747898
6/4/2015,1015,1027.5,1006.299988,1014.030029,897.821838,3744732
6/5/2015,1015,1022,1004.080017,1005.830017,890.561523,3062894
6/8/2015,1010,1012.330017,993.5,1000.030029,885.426331,3070524
6/9/2015,1001.880005,1003.830017,991.5,996.049988,881.902405,3780870
6/10/2015,995,1019.669983,992.5,1013.25,897.131165,3192920
6/11/2015,1017.969971,1022.380005,997.525024,998.825012,884.359375,4614732
6/12/2015,1002.5,1012.780029,977.75,987.525024,900.964111,4926462
6/15/2015,976.950012,998.799988,968,990.450012,917.334229,2618213
6/16/2015,994.349976,1003,985,999.349976,925.577148,2611722
6/17/2015,1011,1021,992.200012,995.700012,922.196655,3206034
6/18/2015,1005.599976,1007.950012,995.799988,1001.950012,927.985352,1737213
6/19/2015,1010.299988,1010.400024,993.099976,995.349976,921.872498,3335229
6/22/2015,1004.900024,1028.75,997,1023.849976,948.268555,2855434
6/23/2015,1025,1027.400024,998.150024,1000.400024,926.549744,3476058
6/24/2015,1015,1015,991.200012,995.099976,921.640991,3536847
6/25/2015,999.200012,1003.5,987.650024,990.450012,917.334229,3558733
6/26/2015,999,1011.599976,998.099976,1005.25,931.041687,2660142
6/29/2015,987,999.5,982.5,990.150024,917.056519,2845334
6/30/2015,990,993.450012,980,984.349976,911.68457,3106265
7/1/2015,989,1005,986,997.400024,923.77124,3440426
7/2/2015,999,1001.400024,985.049988,988,915.065125,2003784
7/3/2015,988,993,982,990.299988,917.195374,1347653
7/6/2015,985,988,975,983.299988,910.712036,2152801
7/7/2015,985,990,979,980.5,908.118774,1748709
7/8/2015,979,979,954.799988,957.5,886.816711,3512089
7/9/2015,957.5,966,934.049988,938,868.756165,4293886
7/10/2015,948.099976,952.099976,932.650024,937.5,868.29303,3705761
7/13/2015,941,955,934.049988,950.150024,880.009216,3265884
7/14/2015,955,973.5,945.5,971.25,899.551697,2683537
7/15/2015,970,985.950012,968,984,911.360413,2064783
7/16/2015,987.700012,991.5,979.5,989.049988,916.037598,1736469
7/17/2015,991,1004.5,989.099976,1001.849976,927.892639,1723989
7/20/2015,1001.400024,1010.799988,987.400024,1001.25,927.336914,2188590
7/21/2015,1035,1149,1035,1112.650024,1030.513428,19155056
7/22/2015,1105,1112,1076.650024,1103.150024,1021.714661,6332830
7/23/2015,1103.949951,1117,1090,1098,1016.944763,3855374
7/24/2015,1095.550049,1106.449951,1083.099976,1087.599976,1007.312561,2240151
7/27/2015,1086.900024,1087.949951,1060.449951,1065.300049,986.658752,3376122
7/28/2015,1068.5,1076,1054.25,1062.849976,984.389648,4238301
7/29/2015,1074,1092,1065,1085.400024,1005.274841,3535667
7/30/2015,1090,1090,1058,1070,991.01178,5978299
7/31/2015,1078.550049,1081.349976,1060,1077.050049,997.541382,3965506
8/3/2015,1078,1092,1068.949951,1078.949951,999.301086,3980506
8/4/2015,1078,1078.949951,1051,1057.25,979.203064,4549527
8/5/2015,1062,1090,1061.949951,1086.349976,1006.154724,2376738
8/6/2015,1094,1105.5,1077,1086.949951,1006.71051,3619126
8/7/2015,1079.5,1101,1078.5,1095.599976,1014.721863,2494029
8/10/2015,1098,1106.349976,1067,1086,1005.830627,1996377
8/11/2015,1098.800049,1116.900024,1095.699951,1109.150024,1027.271729,3787203
8/12/2015,1115,1149,1111,1144.400024,1059.919678,5084220
8/13/2015,1147,1166.849976,1055.550049,1158,1072.515625,4893980
8/14/2015,1165,1168.699951,1143.099976,1149.25,1064.411499,2554533
8/17/2015,1150,1153.449951,1122.5,1142.150024,1057.835815,1553718
8/18/2015,1150,1177.699951,1150,1164.349976,1078.396729,2075223
8/19/2015,1170,1186.199951,1162.800049,1175.550049,1088.770142,3434759
8/20/2015,1159,1168.5,1128,1134.550049,1050.796753,4184557
8/21/2015,1140.900024,1160.949951,1117.5,1149.900024,1065.013428,5411071
8/24/2015,1109.949951,1123,1078.599976,1092.050049,1011.434082,7061342
8/25/2015,1100,1119,1044.5,1085.650024,1005.506592,6867539
8/26/2015,1089.800049,1097,1059,1064.599976,986.010254,5749106
8/27/2015,1088,1100.099976,1078.050049,1082.800049,1002.866821,7671696
8/28/2015,1101.599976,1124.900024,1101.599976,1111.050049,1029.031616,3604410
8/31/2015,1134.849976,1134.849976,1082.5,1094.400024,1013.610718,4958532
9/1/2015,1090,1114.599976,1082,1089,1008.609253,4535775
9/2/2015,1098,1115,1090,1099.449951,1018.287781,5585915
9/3/2015,1110.150024,1112,1092.5,1099.349976,1018.195251,4295268
9/4/2015,1103,1111,1067,1073.949951,994.670105,3659444
9/7/2015,1084.949951,1085,1055,1058.75,980.592224,2590494
9/8/2015,1062,1074,1052.300049,1058.800049,980.63855,2729748
9/9/2015,1087.099976,1099.599976,1072,1088.699951,1008.33136,4574332
9/10/2015,1084.900024,1091.5,1061,1080.449951,1000.690369,4181502
9/11/2015,1091.550049,1106.400024,1085.5,1090.75,1010.229919,4941905
9/14/2015,1099,1104,1082.650024,1099.75,1018.565796,3278538
9/15/2015,1099.400024,1103.199951,1088.150024,1099.199951,1018.056091,2645943
9/16/2015,1108,1109.75,1098.300049,1101.650024,1020.325439,3739120
9/18/2015,1111.800049,1117.900024,1099.050049,1104.449951,1022.918579,5788438
9/21/2015,1100,1108.849976,1092.5,1104.650024,1023.104004,2175617
9/22/2015,1115,1135.949951,1101.099976,1107.449951,1025.697144,4813493
9/23/2015,1107.449951,1126.349976,1097.449951,1116.25,1033.847656,2379127
9/24/2015,1113.5,1152.699951,1110,1140.550049,1056.354004,6699631
9/28/2015,1139.949951,1142.849976,1101,1105.550049,1023.9375,4894232
9/29/2015,1102,1133.400024,1097.5,1121.849976,1039.03418,4349685
9/30/2015,1134.400024,1168.949951,1125.949951,1161.949951,1076.174072,4747846
10/1/2015,1169.900024,1197.75,1160,1173.050049,1086.454712,5432197
10/5/2015,1173,1189.349976,1162,1181.75,1094.512329,3440880
10/6/2015,1187.050049,1192.550049,1148.099976,1154.599976,1069.366577,4355940
10/7/2015,1156,1168.75,1128.449951,1133.199951,1049.546387,4591244
10/8/2015,1136.400024,1149.599976,1126.050049,1132.150024,1048.573853,4540437
10/9/2015,1136,1172.900024,1136,1167.400024,1081.221558,5891069
10/12/2015,1199,1219.800049,1109,1122.900024,1040.006714,15202485
10/13/2015,1107.449951,1111,1085.199951,1099.400024,1018.241516,7663431
10/14/2015,1091.449951,1115.550049,1087.199951,1097.599976,1016.574341,4432755
10/15/2015,1099.900024,1104.349976,1089.099976,1097.349976,1016.342773,4127833
10/16/2015,1099,1101.400024,1090,1094.900024,1023.399658,3209496
10/19/2015,1102,1116,1100.5,1111.949951,1039.336304,3673747
10/20/2015,1113,1130,1110.599976,1125.949951,1052.421997,4394155
10/21/2015,1125,1146.849976,1125,1138.400024,1064.058838,3639049
10/23/2015,1141.800049,1153,1125.099976,1149.900024,1074.808105,3016681
10/26/2015,1154,1158.5,1143.150024,1152.150024,1076.911133,1597971
10/27/2015,1150,1155,1144.099976,1149.400024,1074.340698,2631874
10/28/2015,1144.5,1158,1139,1153.199951,1077.892456,2627736
10/29/2015,1153.099976,1155.900024,1136.050049,1145.050049,1070.274902,2943662
10/30/2015,1145,1145,1130,1135.449951,1061.301636,2022338
11/2/2015,1130,1135.800049,1114.099976,1131.199951,1057.329224,1772494
11/3/2015,1133.400024,1150.449951,1133.400024,1145.5,1070.695435,1807341
11/4/2015,1150.099976,1157.599976,1132.300049,1136.800049,1062.563599,1602786
11/5/2015,1142.949951,1145,1119.400024,1122.900024,1049.571411,1172653
11/6/2015,1123,1143.900024,1122.900024,1138.300049,1063.965698,1513086
11/9/2015,1120,1140,1115.199951,1134.599976,1060.50708,3062838
11/10/2015,1127.5,1127.5,1100.099976,1103.849976,1031.765137,2340026
11/13/2015,1099.949951,1106,1090,1100.800049,1028.914551,1760434
11/16/2015,1083.650024,1094,1067.199951,1080.199951,1009.659668,3404167
11/17/2015,1080,1082.900024,1052,1061.5,992.180847,3592053
11/18/2015,1041,1045.150024,1011.25,1020,953.390869,5062626
11/19/2015,1030.25,1052,1023.799988,1047.800049,979.375488,4269811
11/20/2015,1048,1063.199951,1042.050049,1052.400024,983.67511,3041489
11/23/2015,1050,1062.400024,1038,1053.699951,984.890259,2808175
11/24/2015,1050,1050.800049,1037,1041.150024,973.159729,2162901
11/26/2015,1040.949951,1059.5,1040.050049,1052.400024,983.67511,4926984
11/27/2015,1058,1070,1045,1066.349976,996.714111,2571239
11/30/2015,1070,1098.300049,1056.199951,1087.900024,1016.856995,9052767
12/1/2015,1088,1095,1072.949951,1079,1008.538086,2949275
12/2/2015,1079.949951,1079.949951,1059,1060.699951,991.432983,3198808
12/3/2015,1061,1064.800049,1049.050049,1057.75,988.675842,2752363
12/4/2015,1049,1064.900024,1040.099976,1049.050049,980.543945,4187765
12/7/2015,1055.300049,1059,1040,1046.25,977.926697,2256935
12/8/2015,1045.050049,1062.75,1039.300049,1044.400024,976.197571,2862186
12/9/2015,1043,1046.949951,1022.549988,1028.199951,961.05542,3409127
12/10/2015,1036.599976,1051.599976,1030.300049,1047.349976,978.954895,2793873
12/11/2015,1054,1061.900024,1045.900024,1052.800049,984.049011,2695099
12/14/2015,1049.5,1073.150024,1048.050049,1069.5,999.658447,2408336
12/15/2015,1073.25,1079.099976,1058.800049,1077.550049,1007.182739,2715904
12/16/2015,1083.400024,1098,1083.400024,1095.849976,1024.287598,2747926
12/17/2015,1100,1109.800049,1088,1107.099976,1034.802979,2479391
12/18/2015,1103.400024,1103.400024,1079.449951,1083.150024,1012.417114,3609910
12/21/2015,1077,1107.400024,1065.949951,1103.449951,1031.391235,2165506
12/22/2015,1097.449951,1097.449951,1080.099976,1083.75,1012.977844,2054627
12/23/2015,1095.050049,1102.5,1087.050049,1100.849976,1028.96106,1435464
12/24/2015,1102.050049,1104.449951,1090.099976,1096.349976,1024.755127,615027
12/28/2015,1090,1110,1090,1104.75,1032.606445,2763476
12/29/2015,1101.25,1110,1097.300049,1104.699951,1032.559814,1672531
12/30/2015,1101.099976,1106.599976,1083,1086.300049,1015.361206,2576985
12/31/2015,1090.150024,1109.949951,1087,1105.400024,1033.214111,3971969
